-- Adminer 4.8.0 MySQL 5.5.5-10.3.27-MariaDB-0+deb10u1 dump

SET NAMES utf8;
SET time_zone = '+00:00';
SET foreign_key_checks = 0;
SET sql_mode = 'NO_AUTO_VALUE_ON_ZERO';

SET NAMES utf8mb4;

DROP TABLE IF EXISTS `ATELIER`;
CREATE TABLE `ATELIER` (
  `ID_ATELIER` int(2) NOT NULL AUTO_INCREMENT,
  `ID_CAMPAGNE` int(2) NOT NULL,
  `ID_PROFESSEUR` int(2) DEFAULT NULL,
  `ID_MATIERE` int(2) NOT NULL,
  `NOM_ATELIER` varchar(60) NOT NULL,
  `DATEDEBUT_ATELIER` date DEFAULT NULL,
  `DATEFIN_ATELIER` date DEFAULT NULL,
  `CAPACITE_ATELIER` int(2) NOT NULL,
  `SALLE` varchar(30) DEFAULT NULL,
  PRIMARY KEY (`ID_ATELIER`),
  KEY `I_FK_ATELIER_CAMPAGNE` (`ID_CAMPAGNE`),
  KEY `I_FK_ATELIER_PROFESSEUR` (`ID_PROFESSEUR`),
  KEY `I_FK_ATELIER_MATIERE` (`ID_MATIERE`),
  CONSTRAINT `FK_ATELIER_CAMPAGNE` FOREIGN KEY (`ID_CAMPAGNE`) REFERENCES `CAMPAGNE` (`ID_CAMPAGNE`) ON DELETE CASCADE,
  CONSTRAINT `FK_ATELIER_MATIERE` FOREIGN KEY (`ID_MATIERE`) REFERENCES `MATIERE` (`ID_MATIERE`),
  CONSTRAINT `FK_ATELIER_PROFESSEUR` FOREIGN KEY (`ID_PROFESSEUR`) REFERENCES `PROFESSEUR` (`ID_PROFESSEUR`)
) ENGINE=InnoDB DEFAULT CHARSET=utf8mb4;

INSERT INTO `ATELIER` (`ID_ATELIER`, `ID_CAMPAGNE`, `ID_PROFESSEUR`, `ID_MATIERE`, `NOM_ATELIER`, `DATEDEBUT_ATELIER`, `DATEFIN_ATELIER`, `CAPACITE_ATELIER`, `SALLE`) VALUES
(1,	1,	NULL,	1,	'FRANCAIS',	'2021-03-04',	'2021-03-04',	100,	NULL),
(2,	1,	NULL,	2,	'MATH',	'2021-03-04',	'2021-03-04',	100,	NULL),
(3,	1,	NULL,	3,	'ORIENTATION',	'2021-03-04',	'2021-03-04',	100,	NULL),
(4,	1,	NULL,	4,	'SVT',	'2021-03-04',	'2021-03-04',	100,	NULL),
(5,	1,	NULL,	5,	'ANGLAIS',	'2021-03-04',	'2021-03-04',	100,	NULL),
(6,	1,	NULL,	6,	'PHYSIQUE',	'2021-03-04',	'2021-03-04',	100,	NULL),
(7,	1,	NULL,	7,	'HISTOIRE',	'2021-03-04',	'2021-03-04',	100,	NULL),
(8,	2,	NULL,	1,	'FRANCAIS',	'2021-03-04',	'2021-03-04',	100,	NULL),
(9,	2,	NULL,	2,	'MATH',	'2021-03-04',	'2021-03-04',	100,	NULL),
(10,	2,	NULL,	3,	'ORIENTATION',	'2021-03-04',	'2021-03-04',	100,	NULL),
(11,	2,	NULL,	4,	'SVT',	'2021-03-04',	'2021-03-04',	100,	NULL),
(12,	2,	NULL,	5,	'ANGLAIS',	'2021-03-04',	'2021-03-04',	100,	NULL),
(13,	2,	NULL,	6,	'PHYSIQUE',	'2021-03-04',	'2021-03-04',	100,	NULL),
(14,	2,	NULL,	7,	'HISTOIRE',	'2021-03-04',	'2021-03-04',	100,	NULL);

DROP TABLE IF EXISTS `AUTORISER`;
CREATE TABLE `AUTORISER` (
  `ID_CAMPAGNE` int(2) NOT NULL,
  `ID_CLASSE` varchar(5) NOT NULL,
  PRIMARY KEY (`ID_CAMPAGNE`,`ID_CLASSE`),
  KEY `I_FK_AUTORISER_ATELIER` (`ID_CAMPAGNE`),
  KEY `I_FK_AUTORISER_GROUPECLASSE` (`ID_CLASSE`),
  CONSTRAINT `FK_AUTORISER_CAMPAGNE` FOREIGN KEY (`ID_CAMPAGNE`) REFERENCES `CAMPAGNE` (`ID_CAMPAGNE`) ON DELETE CASCADE,
  CONSTRAINT `FK_AUTORISER_GROUPECLASSE` FOREIGN KEY (`ID_CLASSE`) REFERENCES `GROUPECLASSE` (`ID_CLASSE`)
) ENGINE=InnoDB DEFAULT CHARSET=utf8mb4;

INSERT INTO `AUTORISER` (`ID_CAMPAGNE`, `ID_CLASSE`) VALUES
(1,	'2NDE1'),
(1,	'2NDE2'),
(1,	'2NDE3'),
(1,	'2NDE4'),
(2,	'2NDE5'),
(2,	'2NDE6'),
(2,	'2NDE7');

DROP TABLE IF EXISTS `CAMPAGNE`;
CREATE TABLE `CAMPAGNE` (
  `ID_CAMPAGNE` int(2) NOT NULL AUTO_INCREMENT,
  `DATEDEBUT_CAMPAGNE` date NOT NULL,
  `DATEFIN_CAMPAGNE` date NOT NULL,
  `NOM_CAMPAGNE` varchar(128) NOT NULL,
  PRIMARY KEY (`ID_CAMPAGNE`)
) ENGINE=InnoDB DEFAULT CHARSET=utf8mb4;

INSERT INTO `CAMPAGNE` (`ID_CAMPAGNE`, `DATEDEBUT_CAMPAGNE`, `DATEFIN_CAMPAGNE`, `NOM_CAMPAGNE`) VALUES
(1,	'2021-03-04',	'2021-03-04',	'CAMPAGNE 1 TYPE pour 2nde1...2nde4'),
(2,	'2021-03-04',	'2021-03-04',	'CAMPAGNE 2 TYPE pour 2nde5...2nde7');

DROP TABLE IF EXISTS `ELEVE`;
CREATE TABLE `ELEVE` (
  `ID_ELEVE` int(2) NOT NULL AUTO_INCREMENT,
  `ID_CLASSE` varchar(5) NOT NULL,
  `NOM_ELEVE` varchar(60) NOT NULL,
  `PRENOM_ELEVE` varchar(60) NOT NULL,
  `LOGIN_ELEVE` varchar(60) NOT NULL,
  `MDP_ELEVE` varchar(32) NOT NULL,
  `MAIL_ELEVE` varchar(60) NOT NULL,
  PRIMARY KEY (`ID_ELEVE`),
  UNIQUE KEY `MAIL_ELEVE` (`MAIL_ELEVE`),
  UNIQUE KEY `LOGIN_ELEVE` (`LOGIN_ELEVE`),
  KEY `I_FK_ELEVE_GROUPECLASSE` (`ID_CLASSE`),
  CONSTRAINT `FK_ELEVE_GROUPECLASSE` FOREIGN KEY (`ID_CLASSE`) REFERENCES `GROUPECLASSE` (`ID_CLASSE`)
) ENGINE=InnoDB DEFAULT CHARSET=utf8mb4;


DROP TABLE IF EXISTS `GROUPECLASSE`;
CREATE TABLE `GROUPECLASSE` (
  `ID_CLASSE` varchar(5) NOT NULL,
  `ID_NIVEAU` int(2) NOT NULL,
  `NOM_CLASSE` char(32) DEFAULT NULL,
  `NBRELEVE_CLASSE` int(2) DEFAULT NULL,
  PRIMARY KEY (`ID_CLASSE`),
  KEY `I_FK_GROUPECLASSE_NIVEAU` (`ID_NIVEAU`),
  CONSTRAINT `FK_GROUPECLASSE_NIVEAU` FOREIGN KEY (`ID_NIVEAU`) REFERENCES `NIVEAU` (`ID_NIVEAU`)
) ENGINE=InnoDB DEFAULT CHARSET=utf8mb4;

INSERT INTO `GROUPECLASSE` (`ID_CLASSE`, `ID_NIVEAU`, `NOM_CLASSE`, `NBRELEVE_CLASSE`) VALUES
('2NDE1',	2,	'SECONDE 1',	36),
('2NDE2',	2,	'SECONDE 2',	36),
('2NDE3',	2,	'SECONDE 3',	36),
('2NDE4',	2,	'SECONDE 4',	36),
('2NDE5',	2,	'SECONDE 5',	36),
('2NDE6',	2,	'SECONDE 6',	36),
('2NDE7',	2,	'SECONDE 7',	36);

DROP TABLE IF EXISTS `INSCRIPTION`;
CREATE TABLE `INSCRIPTION` (
  `ID_INSCRIPTION` int(2) NOT NULL AUTO_INCREMENT,
  `ID_ATELIER` int(2) NOT NULL,
  `ID_ELEVE` int(2) NOT NULL,
  `DATE_INSCRIPTION` date DEFAULT NULL,
  PRIMARY KEY (`ID_INSCRIPTION`),
  KEY `I_FK_INSCRIPTION_ATELIER` (`ID_ATELIER`),
  KEY `I_FK_INSCRIPTION_ELEVE` (`ID_ELEVE`),
  CONSTRAINT `FK_INSCRIPTION_ATELIER` FOREIGN KEY (`ID_ATELIER`) REFERENCES `ATELIER` (`ID_ATELIER`) ON DELETE CASCADE,
  CONSTRAINT `FK_INSCRIPTION_ELEVE` FOREIGN KEY (`ID_ELEVE`) REFERENCES `ELEVE` (`ID_ELEVE`) ON DELETE CASCADE
) ENGINE=InnoDB DEFAULT CHARSET=utf8mb4;


DROP TABLE IF EXISTS `MATIERE`;
CREATE TABLE `MATIERE` (
  `ID_MATIERE` int(2) NOT NULL AUTO_INCREMENT,
  `NOM_MATIERE` varchar(32) DEFAULT NULL,
  PRIMARY KEY (`ID_MATIERE`)
) ENGINE=InnoDB DEFAULT CHARSET=utf8mb4;

INSERT INTO `MATIERE` (`ID_MATIERE`, `NOM_MATIERE`) VALUES
(1,	'FRANCAIS'),
(2,	'MATH'),
(3,	'ORIENTATION'),
(4,	'SVT'),
(5,	'ANGLAIS'),
(6,	'PHYSIQUE'),
(7,	'HISTOIRE');

DROP TABLE IF EXISTS `NIVEAU`;
CREATE TABLE `NIVEAU` (
  `ID_NIVEAU` int(2) NOT NULL,
  `NOM_NIVEAU` char(32) DEFAULT NULL,
  PRIMARY KEY (`ID_NIVEAU`)
) ENGINE=InnoDB DEFAULT CHARSET=utf8mb4;

INSERT INTO `NIVEAU` (`ID_NIVEAU`, `NOM_NIVEAU`) VALUES
(2,	'SECONDE');

DROP TABLE IF EXISTS `PROFESSEUR`;
CREATE TABLE `PROFESSEUR` (
  `ID_PROFESSEUR` int(2) NOT NULL AUTO_INCREMENT,
  `NOM_PROFESSEUR` varchar(60) NOT NULL,
  `PRENOM_PROFESSEUR` varchar(60) NOT NULL,
  `LOGIN_PROFESSEUR` varchar(60) NOT NULL,
  `MDP_PROFESSEUR` varchar(32) NOT NULL,
  `MAIL_PROFESSEUR` varchar(60) NOT NULL,
  `ADMIN` varchar(30) DEFAULT NULL,
  PRIMARY KEY (`ID_PROFESSEUR`),
  UNIQUE KEY `MAIL_PROFESSEUR` (`MAIL_PROFESSEUR`),
  UNIQUE KEY `LOGIN_PROFESSEUR` (`LOGIN_PROFESSEUR`)
) ENGINE=InnoDB DEFAULT CHARSET=utf8mb4;


-- 2021-03-04 17:20:20